epoch,train,val
1,0.043658362707613786,0.04348730503023872
2,0.04343951734907422,0.04315312123894211
3,0.04324833910504143,0.04289258410141028
4,0.04311338913190615,0.04270018155684306
5,0.0430740376452466,0.042642868689045994
6,0.042982540514085676,0.042643956173628594
7,0.04291080864437254,0.04255319467770487
8,0.042826903977872054,0.0425216293834468
9,0.04280328647795813,0.04250993793957854
10,0.042777450601537745,0.042494186751790626
11,0.042687488574803846,0.042423154153139915
