epoch,train,val
1,0.23146853146853147,0.2884770346494762
2,0.3004662004662005,0.32232070910556004
3,0.30862470862470864,0.3174858984689766
4,0.313986013986014,0.3158742949234488
5,0.3132867132867133,0.31184528605962936
6,0.31934731934731936,0.31184528605962936
7,0.32004662004662005,0.31990330378726833
8,0.32214452214452216,0.30862207896857374
9,0.320979020979021,0.330378726833199
10,0.31491841491841494,0.32070910556003224
11,0.327039627039627,0.3134568896051571
